PID,condition,agent_type,agent_name,local_time,human_areas_initial,agent_areas_initial,human_areas_final,agent_areas_final,changes,final_score,final_completeness,water_time,game_time,human_vics_in_order,vics_human,vics_human_plan,vics_human_not_plan,vics_agent,compliance
PA1,mission_comm,nowill,Bolt,1749142479,"['A1', 'A2', 'B1', 'B2']","['C1', 'C2', 'D1', 'D2']","['A1', 'A2', 'B1', 'B2']","['C1', 'C2', 'D1', 'D2']",0,80,1.0,68.59415793418884,161.20310997962952,8,8,8,0,8,1.0
PA1,mission_comm,will,Argo,1749142065,"['A1', 'B1', 'C1', 'D1']","['A2', 'B2', 'C2', 'D2']","['A1', 'A2', 'D1', 'D2']","['B1', 'B2', 'C1', 'C2']",2,80,1.0,0.0,266.6821050643921,8,8,8,0,8,1.0
PA10,mission_nocomm,nowill,Argo,1749803678,"['A1', 'A2', 'B1', 'B2']","['C1', 'C2', 'D1', 'D2']","['A1', 'A2', 'B1', 'B2']","['C1', 'C2', 'D1', 'D2']",-1,80,1.0,63.583744049072266,243.27724695205688,8,8,8,0,8,1.0
PA10,mission_nocomm,will,Bolt,1749804063,"['B1', 'B2', 'C1', 'C2']","['A1', 'A2', 'D1', 'D2']","['B1', 'B2', 'C1', 'C2']","['A1', 'A2', 'D1', 'D2']",-1,80,1.0,96.1977436542511,201.24199390411377,8,8,8,0,8,1.0
PA11,mission_comm,nowill,Bolt,1749806697,"['A1', 'A2', 'B1', 'B2']","['C1', 'C2', 'D1', 'D2']","['A1', 'A2', 'B1', 'B2']","['C1', 'C2', 'D1', 'D2']",0,80,1.0,45.99549889564514,143.9362292289734,9,9,8,1,7,0.8888888888888888
PA11,mission_comm,will,Argo,1749806411,"['A1', 'A2', 'D1', 'D2']","['B1', 'B2', 'C1', 'C2']","['A1', 'A2', 'B1', 'B2']","['C1', 'C2', 'D1', 'D2']",2,80,1.0,54.18026876449585,256.35285806655884,8,8,8,0,8,1.0
PA12,mission_nocomm,nowill,Bolt,1749814211,"['A1', 'A2', 'B1', 'B2']","['C1', 'C2', 'D1', 'D2']","['A1', 'A2', 'B1', 'B2']","['C1', 'C2', 'D1', 'D2']",-1,80,1.0,57.02032017707825,176.22444605827332,8,8,8,0,8,1.0
PA12,mission_nocomm,will,Argo,1749813770,"['A1', 'A2', 'D1', 'D2']","['B1', 'B2', 'C1', 'C2']","['A1', 'A2', 'D1', 'D2']","['B1', 'B2', 'C1', 'C2']",-1,80,1.0,0.0,186.96511101722717,8,8,8,0,8,1.0
PA13,mission_nocomm,nowill,Bolt,1749816601,"['A1', 'A2', 'B1', 'B2']","['C1', 'C2', 'D1', 'D2']","['A1', 'A2', 'B1', 'B2']","['C1', 'C2', 'D1', 'D2']",-1,80,1.0,70.46132707595825,158.6108582019806,8,8,8,0,8,1.0
PA13,mission_nocomm,will,Argo,1749816929,"['A1', 'A2', 'D1', 'D2']","['B1', 'B2', 'C1', 'C2']","['A1', 'A2', 'D1', 'D2']","['B1', 'B2', 'C1', 'C2']",-1,80,1.0,0.0,157.46550989151,8,8,8,0,8,1.0
PA14,mission_comm,nowill,Argo,1749821019,"['A1', 'A2', 'B1', 'B2']","['C1', 'C2', 'D1', 'D2']","['A1', 'A2', 'D1', 'D2']","['B1', 'B2', 'C1', 'C2']",2,80,1.0,0.0,198.71408104896545,8,8,8,0,8,1.0
PA14,mission_comm,will,Bolt,1749821348,"['A1', 'A2', 'D1', 'D2']","['B1', 'B2', 'C1', 'C2']","['A1', 'A2', 'D1', 'D2']","['B1', 'B2', 'C1', 'C2']",0,71,1.0,0.0,185.64110684394836,5,8,8,0,8,1.0
PA15,mission_comm,nowill,Argo,1749824424,"['A1', 'A2', 'B1', 'B2']","['C1', 'C2', 'D1', 'D2']","['A1', 'A2', 'B1', 'B2']","['C1', 'C2', 'D1', 'D2']",0,80,1.0,36.35406804084778,151.53957200050354,8,8,8,0,8,1.0
PA15,mission_comm,will,Bolt,1749824030,"['A1', 'A2', 'D1', 'D2']","['B1', 'B2', 'C1', 'C2']","['A1', 'A2', 'D1', 'D2']","['B1', 'B2', 'C1', 'C2']",0,80,1.0,30.917956352233887,147.65299606323242,10,10,8,2,6,0.8
PA16,mission_nocomm,nowill,Argo,1750058341,"['A1', 'A2', 'B1', 'B2']","['C1', 'C2', 'D1', 'D2']","['A1', 'A2', 'B1', 'B2']","['C1', 'C2', 'D1', 'D2']",-1,74,1.0,67.69660258293152,167.8409080505371,7,9,8,1,7,0.8888888888888888
PA16,mission_nocomm,will,Bolt,1750057979,"['A1', 'A2', 'D1', 'D2']","['B1', 'B2', 'C1', 'C2']","['A1', 'A2', 'D1', 'D2']","['B1', 'B2', 'C1', 'C2']",-1,77,1.0,0.0,177.0281720161438,7,8,8,0,8,1.0
PA17,mission_comm,nowill,Bolt,1750061998,"['A1', 'A2', 'B1', 'B2']","['C1', 'C2', 'D1', 'D2']","['A1', 'A2', 'D1', 'D2']","['B1', 'B2', 'C1', 'C2']",2,74,1.0,0.0,193.7665627002716,6,8,8,0,8,1.0
PA17,mission_comm,will,Argo,1750061568,"['A1', 'A2', 'D1', 'D2']","['B1', 'B2', 'C1', 'C2']","['A1', 'A2', 'D1', 'D2']","['B1', 'B2', 'C1', 'C2']",0,80,1.0,0.0,225.79192805290225,8,8,8,0,8,1.0
PA18,mission_comm,nowill,Argo,1750064838,"['A1', 'A2', 'B1', 'B2']","['C1', 'C2', 'D1', 'D2']","['A1', 'A2', 'D1', 'D2']","['B1', 'B2', 'C1', 'C2']",2,80,1.0,0.0,220.6405942440033,8,8,8,0,8,1.0
PA18,mission_comm,will,Bolt,1750065327,"['A1', 'A2', 'D1', 'D2']","['B1', 'B2', 'C1', 'C2']","['A1', 'A2', 'B1', 'B2']","['C1', 'C2', 'D1', 'D2']",2,80,1.0,56.13857007026672,240.9140272140503,8,8,8,0,8,1.0
PA19,mission_comm,nowill,Bolt,1750069911,"['A1', 'A2', 'B1', 'B2']","['C1', 'C2', 'D1', 'D2']","['A1', 'A2', 'B1', 'B2']","['C1', 'C2', 'D1', 'D2']",0,74,1.0,50.406402587890625,160.07362914085388,6,8,8,0,8,1.0
PA19,mission_comm,will,Argo,1750070251,"['A1', 'A2', 'D1', 'D2']","['B1', 'B2', 'C1', 'C2']","['A1', 'A2', 'D1', 'D2']","['B1', 'B2', 'C1', 'C2']",0,56,1.0,14.119965076446531,144.09357810020447,1,9,8,1,7,0.8888888888888888
PA20,mission_comm,nowill,Bolt,1750072421,"['A1', 'A2', 'B1', 'B2']","['C1', 'C2', 'D1', 'D2']","['A1', 'A2', 'D1', 'D2']","['B1', 'B2', 'C1', 'C2']",2,80,1.0,26.63519501686096,205.2731590270996,10,10,8,2,6,0.8
PA20,mission_comm,will,Argo,1750072676,"['A1', 'A2', 'D1', 'D2']","['B1', 'B2', 'C1', 'C2']","['A1', 'A2', 'D1', 'D2']","['B1', 'B2', 'C1', 'C2']",0,80,1.0,23.543295860290527,133.69692015647888,10,10,8,2,6,0.8
PA21,mission_nocomm,nowill,Bolt,1750080407,"['A1', 'A2', 'B1', 'B2']","['C1', 'C2', 'D1', 'D2']","['A1', 'A2', 'B1', 'B2']","['C1', 'C2', 'D1', 'D2']",-1,74,1.0,60.12171936035156,163.7160677909851,6,8,8,0,8,1.0
PA21,mission_nocomm,will,Argo,1750080033,"['A1', 'A2', 'D1', 'D2']","['B1', 'B2', 'C1', 'C2']","['A1', 'A2', 'D1', 'D2']","['B1', 'B2', 'C1', 'C2']",-1,80,1.0,26.897879123687744,178.5837779045105,9,9,8,1,7,0.8888888888888888
PA22,mission_comm,nowill,Argo,1750084105,"['A1', 'A2', 'B1', 'B2']","['C1', 'C2', 'D1', 'D2']","['A1', 'A2', 'B1', 'B2']","['C1', 'C2', 'D1', 'D2']",0,80,1.0,55.46695804595947,172.5997030735016,8,8,8,0,8,1.0
PA22,mission_comm,will,Bolt,1750083623,"['A2', 'B2', 'C2', 'D2']","['A1', 'B1', 'C1', 'D1']","['A2', 'B1', 'C2', 'D2']","['A1', 'B2', 'C1', 'D1']",1,80,1.0,58.1048583984375,295.75166177749634,8,8,8,0,8,1.0
PA23,mission_nocomm,nowill,Argo,1750158485,"['A1', 'A2', 'B1', 'B2']","['C1', 'C2', 'D1', 'D2']","['A1', 'A2', 'B1', 'B2']","['C1', 'C2', 'D1', 'D2']",-1,80,1.0,44.377110719680786,156.05516505241394,8,8,8,0,8,1.0
PA23,mission_nocomm,will,Bolt,1750158859,"['A1', 'A2', 'D1', 'D2']","['B1', 'B2', 'C1', 'C2']","['A1', 'A2', 'D1', 'D2']","['B1', 'B2', 'C1', 'C2']",-1,80,1.0,0.0,154.29063606262207,8,8,8,0,8,1.0
PA24,mission_nocomm,nowill,Bolt,1750161942,"['A1', 'A2', 'B1', 'B2']","['C1', 'C2', 'D1', 'D2']","['A1', 'A2', 'B1', 'B2']","['C1', 'C2', 'D1', 'D2']",-1,77,1.0,53.01210069656372,159.62618684768677,8,9,8,1,7,0.8888888888888888
PA24,mission_nocomm,will,Argo,1750162305,"['A1', 'A2', 'D1', 'D2']","['B1', 'B2', 'C1', 'C2']","['A1', 'A2', 'D1', 'D2']","['B1', 'B2', 'C1', 'C2']",-1,77,1.0,34.279582023620605,148.54804468154907,9,10,8,2,6,0.8
PA25,mission_comm,nowill,Argo,1750166136,"['A1', 'A2', 'B1', 'B2']","['C1', 'C2', 'D1', 'D2']","['A1', 'A2', 'D1', 'D2']","['B1', 'B2', 'C1', 'C2']",2,65,1.0,32.88920831680298,166.73491191864014,5,10,8,2,6,0.8
PA25,mission_comm,will,Bolt,1750166432,"['A1', 'A2', 'D1', 'D2']","['B1', 'B2', 'C1', 'C2']","['A1', 'B1', 'C1', 'D1']","['A2', 'B2', 'C2', 'D2']",2,59,1.0,39.79773688316345,183.25658869743347,1,8,8,0,8,1.0
PA26,mission_nocomm,nowill,Argo,1750170161,"['A1', 'A2', 'B1', 'B2']","['C1', 'C2', 'D1', 'D2']","['A1', 'A2', 'B1', 'B2']","['C1', 'C2', 'D1', 'D2']",-1,80,1.0,46.45922017097473,137.66092991828918,8,8,8,0,8,1.0
PA26,mission_nocomm,will,Bolt,1750169828,"['A1', 'A2', 'D1', 'D2']","['B1', 'B2', 'C1', 'C2']","['A1', 'A2', 'D1', 'D2']","['B1', 'B2', 'C1', 'C2']",-1,80,1.0,16.763725757598877,176.8980369567871,9,9,8,1,7,0.8888888888888888
PA27,mission_comm,nowill,Argo,1750231078,"['A1', 'A2', 'B1', 'B2']","['C1', 'C2', 'D1', 'D2']","['A1', 'A2', 'B1', 'B2']","['C1', 'C2', 'D1', 'D2']",0,80,1.0,40.99786686897278,138.15964317321777,8,8,8,0,8,1.0
PA27,mission_comm,will,Bolt,1750230681,"['A1', 'A2', 'D1', 'D2']","['B1', 'B2', 'C1', 'C2']","['A1', 'A2', 'D1', 'D2']","['B1', 'B2', 'C1', 'C2']",0,80,1.0,0.0,218.65240693092343,8,8,8,0,8,1.0
PA28,mission_nocomm,nowill,Bolt,1750234162,"['A1', 'A2', 'B1', 'B2']","['C1', 'C2', 'D1', 'D2']","['A1', 'A2', 'B1', 'B2']","['C1', 'C2', 'D1', 'D2']",-1,77,1.0,63.19321298599243,196.49285912513733,7,8,8,0,8,1.0
PA28,mission_nocomm,will,Argo,1750234737,"['A1', 'A2', 'D1', 'D2']","['B1', 'B2', 'C1', 'C2']","['A1', 'A2', 'D1', 'D2']","['B1', 'B2', 'C1', 'C2']",-1,80,1.0,0.0,150.04334211349487,8,8,8,0,8,1.0
PA29,mission_nocomm,nowill,Argo,1750238231,"['A1', 'A2', 'B1', 'B2']","['C1', 'C2', 'D1', 'D2']","['A1', 'A2', 'B1', 'B2']","['C1', 'C2', 'D1', 'D2']",-1,80,1.0,50.06535983085632,180.3538281917572,8,8,8,0,8,1.0
PA29,mission_nocomm,will,Bolt,1750238667,"['A1', 'A2', 'D1', 'D2']","['B1', 'B2', 'C1', 'C2']","['A1', 'A2', 'D1', 'D2']","['B1', 'B2', 'C1', 'C2']",-1,80,1.0,49.476152181625366,242.75740098953247,9,9,8,1,7,0.8888888888888888
PA3,mission_comm,nowill,Bolt,1749538921,"['A1', 'A2', 'B1', 'B2']","['C1', 'C2', 'D1', 'D2']","['A1', 'A2', 'D1', 'D2']","['B1', 'B2', 'C1', 'C2']",2,77,1.0,0.0,212.01245021820068,7,8,8,0,8,1.0
PA3,mission_comm,will,Argo,1749539288,"['A1', 'B1', 'C1', 'D1']","['A2', 'B2', 'C2', 'D2']","['A1', 'B1', 'C1', 'D1']","['A2', 'B2', 'C2', 'D2']",0,80,1.0,37.68803691864014,174.86596989631653,9,9,8,1,7,0.8888888888888888
PA30,mission_comm,nowill,Bolt,1750320455,"['A1', 'A2', 'B1', 'B2']","['C1', 'C2', 'D1', 'D2']","['A1', 'A2', 'B1', 'B2']","['C1', 'C2', 'D1', 'D2']",0,80,1.0,60.19246506690979,192.2574887275696,8,8,8,0,8,1.0
PA30,mission_comm,will,Argo,1750320082,"['A1', 'A2', 'D1', 'D2']","['B1', 'B2', 'C1', 'C2']","['A1', 'A2', 'D1', 'D2']","['B1', 'B2', 'C1', 'C2']",0,80,1.0,0.0,196.8475799560547,8,8,8,0,8,1.0
PA31,mission_comm,nowill,Argo,1750331444,"['A1', 'A2', 'B1', 'B2']","['C1', 'C2', 'D1', 'D2']","['A1', 'A2', 'B1', 'B2']","['C1', 'C2', 'D1', 'D2']",0,80,1.0,46.73580694198608,186.52742099761963,8,8,8,0,8,1.0
PA31,mission_comm,will,Bolt,1750331725,"['A1', 'A2', 'D1', 'D2']","['B1', 'B2', 'C1', 'C2']","['A1', 'A2', 'D1', 'D2']","['B1', 'B2', 'C1', 'C2']",0,80,1.0,27.183876276016235,157.97405815124512,10,10,8,2,6,0.8
PA32,mission_nocomm,nowill,Bolt,1750343111,"['A1', 'A2', 'B1', 'B2']","['C1', 'C2', 'D1', 'D2']","['A1', 'A2', 'B1', 'B2']","['C1', 'C2', 'D1', 'D2']",-1,80,1.0,51.27619409561157,148.4451127052307,8,8,8,0,8,1.0
PA32,mission_nocomm,will,Argo,1750342615,"['A1', 'A2', 'D1', 'D2']","['B1', 'B2', 'C1', 'C2']","['A1', 'A2', 'D1', 'D2']","['B1', 'B2', 'C1', 'C2']",-1,80,1.0,0.0,192.61360692977905,8,8,8,0,8,1.0
PA33,mission_nocomm,nowill,Argo,1750411129,"['A1', 'A2', 'B1', 'B2']","['C1', 'C2', 'D1', 'D2']","['A1', 'A2', 'B1', 'B2']","['C1', 'C2', 'D1', 'D2']",-1,80,1.0,48.3358895778656,183.26073288917544,9,9,8,1,7,0.8888888888888888
PA33,mission_nocomm,will,Bolt,1750410684,"['A1', 'A2', 'D1', 'D2']","['B1', 'B2', 'C1', 'C2']","['A1', 'A2', 'D1', 'D2']","['B1', 'B2', 'C1', 'C2']",-1,80,1.0,0.0,160.10158896446228,8,8,8,0,8,1.0
PA34,mission_comm,nowill,Argo,1751205232,"['A1', 'A2', 'B1', 'B2']","['C1', 'C2', 'D1', 'D2']","['A1', 'A2', 'D1', 'D2']","['B1', 'B2', 'C1', 'C2']",2,71,1.0,0.0,211.4761459827423,5,8,8,0,8,1.0
PA34,mission_comm,will,Bolt,1751205762,"['A1', 'A2', 'D1', 'D2']","['B1', 'B2', 'C1', 'C2']","['A1', 'A2', 'D1', 'D2']","['B1', 'B2', 'C1', 'C2']",0,71,1.0,0.0,187.07598209381104,5,8,8,0,8,1.0
PA35,mission_nocomm,nowill,Bolt,1751207531,"['A1', 'A2', 'B1', 'B2']","['C1', 'C2', 'D1', 'D2']","['A1', 'A2', 'B1', 'B2']","['C1', 'C2', 'D1', 'D2']",-1,80,1.0,61.23597240447998,225.13103413581848,8,8,8,0,8,1.0
PA35,mission_nocomm,will,Argo,1751207926,"['A1', 'A2', 'D1', 'D2']","['B1', 'B2', 'C1', 'C2']","['A1', 'A2', 'D1', 'D2']","['B1', 'B2', 'C1', 'C2']",-1,80,1.0,0.0,174.59010887145996,8,8,8,0,8,1.0
PA36,mission_comm,nowill,Argo,1751272162,"['A1', 'A2', 'B1', 'B2']","['C1', 'C2', 'D1', 'D2']","['A1', 'A2', 'D1', 'D2']","['B1', 'B2', 'C1', 'C2']",2,77,1.0,2.8375439643859863,183.23642206192017,7,8,8,0,8,1.0
PA36,mission_comm,will,Bolt,1751271809,"['A1', 'A2', 'D1', 'D2']","['B1', 'B2', 'C1', 'C2']","['A1', 'A2', 'D1', 'D2']","['B1', 'B2', 'C1', 'C2']",0,80,1.0,0.0,178.50623989105225,8,8,8,0,8,1.0
PA37,mission_nocomm,nowill,Bolt,1751274767,"['A1', 'A2', 'B1', 'B2']","['C1', 'C2', 'D1', 'D2']","['A1', 'A2', 'B1', 'B2']","['C1', 'C2', 'D1', 'D2']",-1,80,1.0,47.324931383132935,150.60881185531616,8,8,8,0,8,1.0
PA37,mission_nocomm,will,Argo,1751274501,"['A1', 'A2', 'D1', 'D2']","['B1', 'B2', 'C1', 'C2']","['A1', 'A2', 'D1', 'D2']","['B1', 'B2', 'C1', 'C2']",-1,77,1.0,0.9491519927978516,175.30808115005493,7,8,8,0,8,1.0
PA38,mission_nocomm,nowill,Argo,1751353883,"['A1', 'A2', 'B1', 'B2']","['C1', 'C2', 'D1', 'D2']","['A1', 'A2', 'B1', 'B2']","['C1', 'C2', 'D1', 'D2']",-1,80,1.0,49.57095122337341,146.90169382095337,8,8,8,0,8,1.0
PA38,mission_nocomm,will,Bolt,1751354257,"['A1', 'A2', 'D1', 'D2']","['B1', 'B2', 'C1', 'C2']","['A1', 'A2', 'D1', 'D2']","['B1', 'B2', 'C1', 'C2']",-1,80,1.0,0.0,204.350909948349,8,8,8,0,8,1.0
PA39,mission_comm,nowill,Bolt,1751357820,"['A1', 'A2', 'B1', 'B2']","['C1', 'C2', 'D1', 'D2']","['A1', 'A2', 'D1', 'D2']","['B1', 'B2', 'C1', 'C2']",2,77,1.0,0.0,207.88437819480896,7,8,8,0,8,1.0
PA39,mission_comm,will,Argo,1751357427,"['A1', 'A2', 'D1', 'D2']","['B1', 'B2', 'C1', 'C2']","['A1', 'A2', 'D1', 'D2']","['B1', 'B2', 'C1', 'C2']",0,80,1.0,0.0,168.10472702980042,8,8,8,0,8,1.0
PA4,mission_nocomm,nowill,Bolt,1749546740,"['A1', 'A2', 'B1', 'B2']","['C1', 'C2', 'D1', 'D2']","['A1', 'A2', 'B1', 'B2']","['C1', 'C2', 'D1', 'D2']",-1,80,1.0,45.853142976760864,123.0973858833313,8,8,8,0,8,1.0
PA4,mission_nocomm,will,Argo,1749546423,"['A1', 'B1', 'C1', 'D1']","['A2', 'B2', 'C2', 'D2']","['A1', 'B1', 'C1', 'D1']","['A2', 'B2', 'C2', 'D2']",-1,80,1.0,36.48913526535034,145.56751894950867,8,8,8,0,8,1.0
PA40,mission_comm,nowill,Bolt,1751367959,"['A1', 'A2', 'B1', 'B2']","['C1', 'C2', 'D1', 'D2']","['A1', 'A2', 'D1', 'D2']","['B1', 'B2', 'C1', 'C2']",2,80,1.0,0.0,226.08757090568545,8,8,8,0,8,1.0
PA40,mission_comm,will,Argo,1751368319,"['A1', 'A2', 'D1', 'D2']","['B1', 'B2', 'C1', 'C2']","['A1', 'A2', 'D1', 'D2']","['B1', 'B2', 'C1', 'C2']",0,80,1.0,0.0,171.72024703025818,8,8,8,0,8,1.0
PA41,mission_comm,nowill,Argo,1751372463,"['A1', 'A2', 'B1', 'B2']","['C1', 'C2', 'D1', 'D2']","['A1', 'A2', 'D1', 'D2']","['B1', 'B2', 'C1', 'C2']",2,80,1.0,0.0,262.18252396583557,8,8,8,0,8,1.0
PA41,mission_comm,will,Bolt,1751371992,"['A1', 'A2', 'B1', 'B2']","['C1', 'C2', 'D1', 'D2']","['A1', 'A2', 'D1', 'D2']","['B1', 'B2', 'C1', 'C2']",2,80,1.0,0.0,220.00293898582456,8,8,8,0,8,1.0
PA42,mission_comm,nowill,Bolt,1751375334,"['A1', 'A2', 'B1', 'B2']","['C1', 'C2', 'D1', 'D2']","['A1', 'A2', 'D1', 'D2']","['B1', 'B2', 'C1', 'C2']",2,80,1.0,10.469597339630129,257.5641338825226,8,8,8,0,8,1.0
PA42,mission_comm,will,Argo,1751375699,"['A1', 'A2', 'B1', 'B2']","['C1', 'C2', 'D1', 'D2']","['C1', 'C2', 'D1', 'D2']","['A1', 'A2', 'B1', 'B2']",4,77,1.0,64.07396650314331,206.32366490364075,9,10,8,2,6,0.8
PA43,mission_comm,nowill,Bolt,1751383307,"['A1', 'A2', 'B1', 'B2']","['C1', 'C2', 'D1', 'D2']","['A1', 'A2', 'B1', 'B2']","['C1', 'C2', 'D1', 'D2']",0,77,1.0,44.526822090148926,178.07329106330872,7,8,8,0,8,1.0
PA43,mission_comm,will,Argo,1751382972,"['A1', 'A2', 'D1', 'D2']","['B1', 'B2', 'C1', 'C2']","['A1', 'A2', 'D1', 'D2']","['B1', 'B2', 'C1', 'C2']",0,80,1.0,0.0,156.4418489933014,8,8,8,0,8,1.0
PA44,mission_nocomm,nowill,Argo,1751441633,"['A1', 'A2', 'B1', 'B2']","['C1', 'C2', 'D1', 'D2']","['A1', 'A2', 'B1', 'B2']","['C1', 'C2', 'D1', 'D2']",-1,80,1.0,66.03122425079346,132.54647707939148,8,8,8,0,8,1.0
PA44,mission_nocomm,will,Bolt,1751441149,"['B1', 'B2', 'C1', 'C2']","['A1', 'A2', 'D1', 'D2']","['B1', 'B2', 'C1', 'C2']","['A1', 'A2', 'D1', 'D2']",-1,80,1.0,92.65170288085938,232.85062098503113,8,8,8,0,8,1.0
PA45,mission_nocomm,nowill,Argo,1751454557,"['A1', 'A2', 'B1', 'B2']","['C1', 'C2', 'D1', 'D2']","['A1', 'A2', 'B1', 'B2']","['C1', 'C2', 'D1', 'D2']",-1,80,1.0,50.63123822212219,198.98773789405823,8,8,8,0,8,1.0
PA45,mission_nocomm,will,Bolt,1751454989,"['A1', 'A2', 'B1', 'B2']","['C1', 'C2', 'D1', 'D2']","['A1', 'A2', 'B1', 'B2']","['C1', 'C2', 'D1', 'D2']",-1,80,1.0,55.45604348182678,158.47849011421204,8,8,8,0,8,1.0
PA46,mission_nocomm,nowill,Bolt,1751458744,"['A1', 'A2', 'B1', 'B2']","['C1', 'C2', 'D1', 'D2']","['A1', 'A2', 'B1', 'B2']","['C1', 'C2', 'D1', 'D2']",-1,80,1.0,59.20617437362671,159.88115692138672,8,8,8,0,8,1.0
PA46,mission_nocomm,will,Argo,1751458290,"['A1', 'A2', 'D1', 'D2']","['B1', 'B2', 'C1', 'C2']","['A1', 'A2', 'D1', 'D2']","['B1', 'B2', 'C1', 'C2']",-1,80,1.0,0.0,259.43154096603394,8,8,8,0,8,1.0
PA47,mission_comm,nowill,Argo,1751462173,"['A1', 'A2', 'B1', 'B2']","['C1', 'C2', 'D1', 'D2']","['A1', 'B1', 'C1', 'D1']","['A2', 'B2', 'C2', 'D2']",2,80,1.0,58.6500346660614,244.7761368751526,8,8,8,0,8,1.0
PA47,mission_comm,will,Bolt,1751462558,"['A1', 'A2', 'D1', 'D2']","['B1', 'B2', 'C1', 'C2']","['A1', 'A2', 'D1', 'D2']","['B1', 'B2', 'C1', 'C2']",0,80,1.0,0.0,208.4119777679443,8,8,8,0,8,1.0
PA48,mission_nocomm,nowill,Bolt,1751530325,"['A1', 'A2', 'B1', 'B2']","['C1', 'C2', 'D1', 'D2']","['A1', 'A2', 'B1', 'B2']","['C1', 'C2', 'D1', 'D2']",-1,80,1.0,52.692071199417114,193.7694718837738,8,8,8,0,8,1.0
PA48,mission_nocomm,will,Argo,1751530642,"['A1', 'B1', 'C1', 'D1']","['A2', 'B2', 'C2', 'D2']","['A1', 'B1', 'C1', 'D1']","['A2', 'B2', 'C2', 'D2']",-1,80,1.0,42.11824035644531,162.7180700302124,8,8,8,0,8,1.0
PA49,mission_comm,nowill,Bolt,1751534442,"['A1', 'A2', 'B1', 'B2']","['C1', 'C2', 'D1', 'D2']","['A1', 'A2', 'D1', 'D2']","['B1', 'B2', 'C1', 'C2']",2,80,1.0,10.040030241012571,172.71823000907898,9,9,8,1,7,0.8888888888888888
PA49,mission_comm,will,Argo,1751533926,"['A1', 'A2', 'D1', 'D2']","['B1', 'B2', 'C1', 'C2']","['A1', 'A2', 'D1', 'D2']","['B1', 'B2', 'C1', 'C2']",0,77,1.0,17.33398413658142,249.50817489624023,8,9,8,1,7,0.8888888888888888
PA5,mission_nocomm,nowill,Argo,1749564324,"['A1', 'A2', 'B1', 'B2']","['C1', 'C2', 'D1', 'D2']","['A1', 'A2', 'B1', 'B2']","['C1', 'C2', 'D1', 'D2']",-1,80,1.0,56.19553303718567,286.09312891960144,8,8,8,0,8,1.0
PA5,mission_nocomm,will,Bolt,1749565420,"['A1', 'A2', 'D1', 'D2']","['B1', 'B2', 'C1', 'C2']","['A1', 'A2', 'D1', 'D2']","['B1', 'B2', 'C1', 'C2']",-1,77,1.0,0.0,174.28865098953247,7,8,8,0,8,1.0
PA50,mission_nocomm,nowill,Argo,1751537584,"['A1', 'A2', 'B1', 'B2']","['C1', 'C2', 'D1', 'D2']","['A1', 'A2', 'B1', 'B2']","['C1', 'C2', 'D1', 'D2']",-1,80,1.0,68.68515992164612,176.17754316329956,8,8,8,0,8,1.0
PA50,mission_nocomm,will,Bolt,1751537898,"['A1', 'A2', 'D1', 'D2']","['B1', 'B2', 'C1', 'C2']","['A1', 'A2', 'D1', 'D2']","['B1', 'B2', 'C1', 'C2']",-1,80,1.0,0.0,146.7709150314331,8,8,8,0,8,1.0
PA51,mission_comm,nowill,Argo,1751541073,"['A1', 'A2', 'B1', 'B2']","['C1', 'C2', 'D1', 'D2']","['A1', 'A2', 'B1', 'D2']","['B2', 'C1', 'C2', 'D1']",1,80,1.0,18.09042000770569,192.91654801368713,8,8,8,0,8,1.0
PA51,mission_comm,will,Bolt,1751540767,"['A1', 'A2', 'D1', 'D2']","['B1', 'B2', 'C1', 'C2']","['A1', 'A2', 'D1', 'D2']","['B1', 'B2', 'C1', 'C2']",0,74,1.0,0.0,178.0718719959259,6,8,8,0,8,1.0
PA52,mission_nocomm,nowill,Bolt,1751544984,"['A1', 'A2', 'B1', 'B2']","['C1', 'C2', 'D1', 'D2']","['A1', 'A2', 'B1', 'B2']","['C1', 'C2', 'D1', 'D2']",-1,80,1.0,41.779088497161865,198.9886326789856,8,8,8,0,8,1.0
PA52,mission_nocomm,will,Argo,1751545358,"['A1', 'A2', 'D1', 'D2']","['B1', 'B2', 'C1', 'C2']","['A1', 'A2', 'D1', 'D2']","['B1', 'B2', 'C1', 'C2']",-1,80,1.0,0.0,154.84419703483582,8,8,8,0,8,1.0
PA53,mission_comm,nowill,Bolt,1751551455,"['A1', 'A2', 'B1', 'B2']","['C1', 'C2', 'D1', 'D2']","['A1', 'A2', 'D1', 'D2']","['B1', 'B2', 'C1', 'C2']",2,80,1.0,0.0,174.4851939678192,8,8,8,0,8,1.0
PA53,mission_comm,will,Argo,1751551742,"['A1', 'A2', 'D1', 'D2']","['B1', 'B2', 'C1', 'C2']","['A1', 'A2', 'D1', 'D2']","['B1', 'B2', 'C1', 'C2']",0,80,1.0,0.0,144.77583003044128,8,8,8,0,8,1.0
PA54,mission_nocomm,nowill,Argo,1751475084,"['A1', 'A2', 'B1', 'B2']","['C1', 'C2', 'D1', 'D2']","['A1', 'A2', 'B1', 'B2']","['C1', 'C2', 'D1', 'D2']",-1,80,1.0,65.4151680469513,166.7546100616455,9,9,8,1,7,0.8888888888888888
PA54,mission_nocomm,will,Bolt,1751474575,"['A1', 'A2', 'D1', 'D2']","['B1', 'B2', 'C1', 'C2']","['A1', 'A2', 'D1', 'D2']","['B1', 'B2', 'C1', 'C2']",-1,80,1.0,16.401818990707397,163.37183785438538,8,8,8,0,8,1.0
PA56,mission_nocomm,nowill,Bolt,1751987862,"['A1', 'A2', 'B1', 'B2']","['C1', 'C2', 'D1', 'D2']","['A1', 'A2', 'B1', 'B2']","['C1', 'C2', 'D1', 'D2']",-1,80,1.0,47.90210270881653,157.08166980743408,8,8,8,0,8,1.0
PA56,mission_nocomm,will,Argo,1751987259,"['A1', 'A2', 'D1', 'D2']","['B1', 'B2', 'C1', 'C2']","['A1', 'A2', 'D1', 'D2']","['B1', 'B2', 'C1', 'C2']",-1,80,1.0,0.0,189.00119304656985,8,8,8,0,8,1.0
PA57,mission_comm,nowill,Argo,1751991539,"['A1', 'A2', 'B1', 'B2']","['C1', 'C2', 'D1', 'D2']","['A1', 'A2', 'B1', 'B2']","['C1', 'C2', 'D1', 'D2']",0,80,1.0,48.01353907585144,251.8110589981079,8,8,8,0,8,1.0
PA57,mission_comm,will,Bolt,1751991024,"['A1', 'A2', 'D1', 'D2']","['B1', 'B2', 'C1', 'C2']","['A1', 'A2', 'D1', 'D2']","['B1', 'B2', 'C1', 'C2']",0,80,1.0,0.0,195.1780149936676,8,8,8,0,8,1.0
PA58,mission_comm,nowill,Bolt,1752045365,"['A1', 'A2', 'B1', 'B2']","['C1', 'C2', 'D1', 'D2']","['A1', 'A2', 'D1', 'D2']","['B1', 'B2', 'C1', 'C2']",2,80,1.0,8.987901210784912,184.5811219215393,9,9,8,1,7,0.8888888888888888
PA58,mission_comm,will,Argo,1752045081,"['A1', 'A2', 'D1', 'D2']","['B1', 'B2', 'C1', 'C2']","['A1', 'A2', 'D1', 'D2']","['B1', 'B2', 'C1', 'C2']",0,80,1.0,13.135529041290283,183.3260388374329,9,9,8,1,7,0.8888888888888888
PA59,mission_comm,nowill,Bolt,1752047272,"['A1', 'A2', 'B1', 'B2']","['C1', 'C2', 'D1', 'D2']","['A1', 'A2', 'B1', 'D2']","['B2', 'C1', 'C2', 'D1']",1,77,1.0,23.46673822402954,211.81152200698853,7,8,8,0,8,1.0
PA59,mission_comm,will,Argo,1752047635,"['A1', 'A2', 'D1', 'D2']","['B1', 'B2', 'C1', 'C2']","['A1', 'A2', 'B1', 'C1']","['B2', 'C2', 'D1', 'D2']",2,71,1.0,40.64988994598389,174.84095907211304,6,9,8,1,7,0.8888888888888888
PA6,mission_comm,nowill,Argo,1749629972,"['A1', 'A2', 'B1', 'B2']","['C1', 'C2', 'D1', 'D2']","['A1', 'A2', 'D1', 'D2']","['B1', 'B2', 'C1', 'C2']",2,71,1.0,6.024908781051636,194.46309185028076,5,8,8,0,8,1.0
PA6,mission_comm,will,Bolt,1749629450,"['A1', 'A2', 'D1', 'D2']","['B1', 'B2', 'C1', 'C2']","['A1', 'A2', 'D1', 'D2']","['B1', 'B2', 'C1', 'C2']",0,65,1.0,25.23393821716309,258.14861392974854,3,8,8,0,8,1.0
PA60,mission_nocomm,nowill,Argo,1752059896,"['A1', 'A2', 'B1', 'B2']","['C1', 'C2', 'D1', 'D2']","['A1', 'A2', 'B1', 'B2']","['C1', 'C2', 'D1', 'D2']",-1,80,1.0,70.63442850112915,180.22009301185608,8,8,8,0,8,1.0
PA60,mission_nocomm,will,Bolt,1752060247,"['A1', 'A2', 'D1', 'D2']","['B1', 'B2', 'C1', 'C2']","['A1', 'A2', 'D1', 'D2']","['B1', 'B2', 'C1', 'C2']",-1,80,1.0,30.553290843963623,169.788094997406,10,10,8,2,6,0.8
PA61,mission_nocomm,nowill,Argo,1752063259,"['A1', 'A2', 'B1', 'B2']","['C1', 'C2', 'D1', 'D2']","['A1', 'A2', 'B1', 'B2']","['C1', 'C2', 'D1', 'D2']",-1,80,1.0,85.3349199295044,205.9045853614807,9,9,8,1,7,0.8888888888888888
PA61,mission_nocomm,will,Bolt,1752062768,"['A1', 'A2', 'D1', 'D2']","['B1', 'B2', 'C1', 'C2']","['A1', 'A2', 'D1', 'D2']","['B1', 'B2', 'C1', 'C2']",-1,74,1.0,0.0,263.36394810676575,6,8,8,0,8,1.0
PA62,mission_nocomm,nowill,Bolt,1752070138,"['A1', 'A2', 'B1', 'B2']","['C1', 'C2', 'D1', 'D2']","['A1', 'A2', 'B1', 'B2']","['C1', 'C2', 'D1', 'D2']",-1,77,1.0,60.45070171356201,243.59059524536133,8,9,8,1,7,0.8888888888888888
PA62,mission_nocomm,will,Argo,1752070587,"['A1', 'A2', 'B1', 'B2']","['C1', 'C2', 'D1', 'D2']","['A1', 'A2', 'B1', 'B2']","['C1', 'C2', 'D1', 'D2']",-1,74,1.0,61.18723464012146,174.98875617980957,7,9,8,1,7,0.8888888888888888
PA63,mission_nocomm,nowill,Bolt,1752074408,"['A1', 'A2', 'B1', 'B2']","['C1', 'C2', 'D1', 'D2']","['A1', 'A2', 'B1', 'B2']","['C1', 'C2', 'D1', 'D2']",-1,80,1.0,47.40581393241882,161.47724294662476,8,8,8,0,8,1.0
PA63,mission_nocomm,will,Argo,1752074070,"['A1', 'A2', 'D1', 'D2']","['B1', 'B2', 'C1', 'C2']","['A1', 'A2', 'D1', 'D2']","['B1', 'B2', 'C1', 'C2']",-1,80,1.0,0.0,162.49931383132937,8,8,8,0,8,1.0
PA64,mission_comm,nowill,Bolt,1752076570,"['A1', 'A2', 'B1', 'B2']","['C1', 'C2', 'D1', 'D2']","['A1', 'A2', 'D1', 'D2']","['B1', 'B2', 'C1', 'C2']",2,65,1.0,0.0,280.2781410217285,3,8,8,0,8,1.0
PA64,mission_comm,will,Argo,1752076906,"['A1', 'A2', 'D1', 'D2']","['B1', 'B2', 'C1', 'C2']","['A1', 'A2', 'D1', 'D2']","['B1', 'B2', 'C1', 'C2']",0,80,1.0,6.791919946670532,151.3746280670166,8,8,8,0,8,1.0
PA65,mission_nocomm,nowill,Argo,1752086746,"['A1', 'A2', 'B1', 'B2']","['C1', 'C2', 'D1', 'D2']","['A1', 'A2', 'B1', 'B2']","['C1', 'C2', 'D1', 'D2']",-1,80,1.0,47.1289381980896,149.00583791732788,8,8,8,0,8,1.0
PA65,mission_nocomm,will,Bolt,1752086142,"['A1', 'A2', 'B1', 'B2']","['C1', 'C2', 'D1', 'D2']","['A1', 'A2', 'B1', 'B2']","['C1', 'C2', 'D1', 'D2']",-1,80,1.0,49.17841076850891,165.7464621067047,8,8,8,0,8,1.0
PA66,mission_nocomm,nowill,Argo,1752132445,"['A1', 'A2', 'B1', 'B2']","['C1', 'C2', 'D1', 'D2']","['A1', 'A2', 'B1', 'B2']","['C1', 'C2', 'D1', 'D2']",-1,80,1.0,40.769548416137695,215.03161001205444,8,8,8,0,8,1.0
PA66,mission_nocomm,will,Bolt,1752132852,"['A1', 'A2', 'B1', 'B2']","['C1', 'C2', 'D1', 'D2']","['A1', 'A2', 'B1', 'B2']","['C1', 'C2', 'D1', 'D2']",-1,80,1.0,53.109975814819336,154.32098412513733,9,9,8,1,7,0.8888888888888888
PA67,mission_comm,nowill,Bolt,1752139081,"['A1', 'A2', 'B1', 'B2']","['C1', 'C2', 'D1', 'D2']","['A1', 'A2', 'B1', 'B2']","['C1', 'C2', 'D1', 'D2']",0,80,1.0,47.039849519729614,178.66607284545898,9,9,8,1,7,0.8888888888888888
PA67,mission_comm,will,Argo,1752138763,"['A1', 'A2', 'D1', 'D2']","['B1', 'B2', 'C1', 'C2']","['A1', 'A2', 'D1', 'D2']","['B1', 'B2', 'C1', 'C2']",0,71,1.0,13.830243110656738,178.06341290473938,6,9,8,1,7,0.8888888888888888
PA68,mission_comm,nowill,Argo,1752142785,"['A1', 'A2', 'B1', 'B2']","['C1', 'C2', 'D1', 'D2']","['B1', 'B2', 'C1', 'C2']","['A1', 'A2', 'D1', 'D2']",2,80,1.0,98.9046070575714,207.09486198425293,8,8,8,0,8,1.0
PA68,mission_comm,will,Bolt,1752142459,"['A1', 'A2', 'D1', 'D2']","['B1', 'B2', 'C1', 'C2']","['A1', 'A2', 'D1', 'D2']","['B1', 'B2', 'C1', 'C2']",0,56,1.0,0.0,157.02941608428955,0,8,8,0,8,1.0
PA69,mission_nocomm,nowill,Bolt,1752145716,"['A1', 'A2', 'B1', 'B2']","['C1', 'C2', 'D1', 'D2']","['A1', 'A2', 'B1', 'B2']","['C1', 'C2', 'D1', 'D2']",-1,80,1.0,48.23874068260193,182.68656301498413,8,8,8,0,8,1.0
PA69,mission_nocomm,will,Argo,1752146129,"['A1', 'A2', 'D1', 'D2']","['B1', 'B2', 'C1', 'C2']","['A1', 'A2', 'D1', 'D2']","['B1', 'B2', 'C1', 'C2']",-1,80,1.0,0.0,194.5442292690277,8,8,8,0,8,1.0
PA7,mission_comm,nowill,Argo,1749640297,"['A1', 'A2', 'B1', 'B2']","['C1', 'C2', 'D1', 'D2']","['A1', 'A2', 'D1', 'D2']","['B1', 'B2', 'C1', 'C2']",2,80,1.0,0.0,184.13329887390137,8,8,8,0,8,1.0
PA7,mission_comm,will,Bolt,1749640731,"['A1', 'A2', 'D1', 'D2']","['B1', 'B2', 'C1', 'C2']","['A1', 'A2', 'D1', 'D2']","['B1', 'B2', 'C1', 'C2']",0,80,1.0,0.0,184.3563630580902,8,8,8,0,8,1.0
PA70,mission_comm,nowill,Bolt,1752153176,"['A1', 'A2', 'B1', 'B2']","['C1', 'C2', 'D1', 'D2']","['A1', 'A2', 'D1', 'D2']","['B1', 'B2', 'C1', 'C2']",2,77,1.0,0.0,222.436509847641,7,8,8,0,8,1.0
PA70,mission_comm,will,Argo,1752153531,"['A1', 'A2', 'D1', 'D2']","['B1', 'B2', 'C1', 'C2']","['A1', 'A2', 'B1', 'B2']","['C1', 'C2', 'D1', 'D2']",2,80,1.0,49.70868897438049,130.15047597885132,8,8,8,0,8,1.0
PA71,mission_comm,nowill,Argo,1752156969,"['A1', 'A2', 'B1', 'B2']","['C1', 'C2', 'D1', 'D2']","['A1', 'A2', 'B1', 'B2']","['C1', 'C2', 'D1', 'D2']",0,80,1.0,48.42447590827942,183.3162407875061,8,8,8,0,8,1.0
PA71,mission_comm,will,Bolt,1752157321,"['A1', 'A2', 'D1', 'D2']","['B1', 'B2', 'C1', 'C2']","['A1', 'A2', 'D1', 'D2']","['B1', 'B2', 'C1', 'C2']",0,80,1.0,0.0,231.81138277053833,8,8,8,0,8,1.0
PA72,mission_nocomm,nowill,Bolt,1752239760,"['A1', 'A2', 'B1', 'B2']","['C1', 'C2', 'D1', 'D2']","['A1', 'A2', 'B1', 'B2']","['C1', 'C2', 'D1', 'D2']",-1,62,1.0,44.157464027404785,148.37335777282715,5,11,8,3,5,0.7272727272727273
PA72,mission_nocomm,will,Argo,1752239440,"['A1', 'A2', 'D1', 'D2']","['B1', 'B2', 'C1', 'C2']","['A1', 'A2', 'D1', 'D2']","['B1', 'B2', 'C1', 'C2']",-1,59,1.0,26.26680898666382,173.97851014137268,3,10,8,2,6,0.8
PA73,mission_comm,nowill,Argo,1752245771,"['A1', 'A2', 'B1', 'B2']","['C1', 'C2', 'D1', 'D2']","['A1', 'A2', 'B1', 'B2']","['C1', 'C2', 'D1', 'D2']",0,71,1.0,76.53294658660889,190.52258825302124,6,9,8,1,7,0.8888888888888888
PA73,mission_comm,will,Bolt,1752246128,"['A1', 'A2', 'D1', 'D2']","['B1', 'B2', 'C1', 'C2']","['A1', 'A2', 'D1', 'D2']","['B1', 'B2', 'C1', 'C2']",0,74,1.0,13.59618592262268,134.6945559978485,7,9,8,1,7,0.8888888888888888
PA74,mission_nocomm,nowill,Argo,1752587330,"['A1', 'A2', 'B1', 'B2']","['C1', 'C2', 'D1', 'D2']","['A1', 'A2', 'B1', 'B2']","['C1', 'C2', 'D1', 'D2']",-1,80,1.0,59.70680832862854,197.34582591056824,9,9,8,1,7,0.8888888888888888
PA74,mission_nocomm,will,Bolt,1752586805,"['A1', 'A2', 'B1', 'B2']","['C1', 'C2', 'D1', 'D2']","['A1', 'A2', 'B1', 'B2']","['C1', 'C2', 'D1', 'D2']",-1,80,1.0,53.08318114280701,187.09650039672852,9,9,8,1,7,0.8888888888888888
PA8,mission_nocomm,nowill,Bolt,1749647215,"['A1', 'A2', 'B1', 'B2']","['C1', 'C2', 'D1', 'D2']","['A1', 'A2', 'B1', 'B2']","['C1', 'C2', 'D1', 'D2']",-1,77,1.0,47.913323163986206,162.19368386268616,7,8,8,0,8,1.0
PA8,mission_nocomm,will,Argo,1749647552,"['A1', 'A2', 'D1', 'D2']","['B1', 'B2', 'C1', 'C2']","['A1', 'A2', 'D1', 'D2']","['B1', 'B2', 'C1', 'C2']",-1,65,1.0,0.0,157.49532294273376,3,8,8,0,8,1.0
PA9,mission_comm,nowill,Bolt,1749657902,"['A1', 'A2', 'B1', 'B2']","['C1', 'C2', 'D1', 'D2']","['A1', 'A2', 'C1', 'C2']","['B1', 'B2', 'D1', 'D2']",2,77,1.0,57.23651313781738,219.1575338840485,8,9,8,1,7,0.8888888888888888
PA9,mission_comm,will,Argo,1749658261,"['A1', 'A2', 'D1', 'D2']","['B1', 'B2', 'C1', 'C2']","['A1', 'A2', 'D1', 'D2']","['B1', 'B2', 'C1', 'C2']",0,71,1.0,16.14257788658142,150.24172282218933,5,8,8,0,8,1.0
